,City,Cloudiness,Country,Date,Humidity,Latitude,Longitude,Max Temperature,Wind Speed
0,Port Alfred,100,ZA,1596664315,90,-33.59,26.89,57.22,9.93
1,Otane,91,NZ,1596664382,95,-39.88,176.63,46.0,1.99
2,Rocha,2,UY,1596664463,81,-34.48,-54.33,65.59,8.7
3,Mataura,100,NZ,1596664465,96,-46.19,168.86,42.01,3.71
4,Hermanus,35,ZA,1596664466,94,-34.42,19.23,41.0,1.01
5,Ancud,75,CL,1596664467,81,-41.87,-73.82,45.0,8.05
6,Kaitangata,100,NZ,1596664468,85,-46.28,169.85,46.0,5.01
7,Ferme-Neuve,22,CA,1596664470,47,46.7,-75.45,68.65,13.06
8,Busselton,0,AU,1596664471,83,-33.65,115.33,46.99,7.9
9,Alofi,75,NU,1596664473,94,-19.06,-169.92,77.0,6.93
10,Butaritari,33,KI,1596664282,73,3.07,172.79,83.82,21.68
11,Shelburne,40,CA,1596664475,46,44.08,-80.2,71.6,12.75
12,Batagay,60,RU,1596664476,32,67.63,134.63,68.79,3.83
13,Kenai,1,US,1596664478,59,60.55,-151.26,66.2,4.7
14,Sitka,90,US,1596664479,82,57.05,-135.33,57.2,9.17
15,São Filipe,18,CV,1596664480,82,14.9,-24.5,77.85,6.31
16,Pevek,100,RU,1596664211,97,69.7,170.31,34.86,4.88
17,Faanui,16,PF,1596664483,82,-16.48,-151.75,78.21,14.58
18,Port Hedland,63,AU,1596664484,54,-20.32,118.57,55.4,8.05
19,Cape Town,20,ZA,1596664242,75,-33.93,18.42,52.0,2.24
20,Bethanien,0,NA,1596664486,71,-26.5,17.16,42.49,6.64
21,East London,100,ZA,1596664348,79,-33.02,27.91,59.61,7.74
22,Ushuaia,75,AR,1596664489,69,-54.8,-68.3,39.2,24.16
23,Salalah,40,OM,1596664490,83,17.02,54.09,80.6,11.41
24,Mendeleyevo,93,RU,1596664492,72,56.03,37.22,64.4,5.35
25,Carnarvon,0,AU,1596664493,76,-24.87,113.63,53.6,9.17
26,Umluj,6,SA,1596664495,70,25.02,37.27,84.43,2.62
27,Kontagora,98,NG,1596664496,92,10.4,5.47,72.73,4.7
28,Pacific Grove,90,US,1596664497,56,36.62,-121.92,71.6,16.11
29,Hays,0,US,1596664498,35,30.05,-98.03,100.0,5.99
30,Alta Floresta,0,BR,1596664500,30,-9.88,-56.09,83.05,3.4
31,Esperance,90,AU,1596664501,93,-33.87,121.9,51.8,5.82
32,Salym,0,RU,1596664503,88,60.06,71.48,59.02,5.59
33,Nyimba,0,ZM,1596664504,49,-14.56,30.81,65.43,4.5
34,Sakakah,0,SA,1596664505,23,29.97,40.21,86.0,10.29
35,Bambous Virieux,20,MU,1596664508,64,-20.34,57.76,68.0,9.17
36,Rikitea,55,PF,1596664509,78,-23.12,-134.97,70.43,10.36
37,Punta Arenas,100,CL,1596664511,77,-53.15,-70.92,39.2,11.41
38,Mahon,1,ES,1596664512,68,39.89,4.27,71.6,1.45
39,Vaini,20,TO,1596664513,73,-21.2,-175.2,73.4,3.36
40,Demba,76,CD,1596664514,53,-5.51,22.27,75.65,1.72
41,Manyana,0,BW,1596664516,35,-23.4,21.72,55.38,6.58
42,Kawalu,100,ID,1596664517,91,-7.38,108.21,68.72,0.78
43,San Cristobal,40,VE,1596664518,43,7.77,-72.22,89.6,23.04
44,Yellowknife,75,CA,1596664519,68,62.46,-114.35,68.0,16.11
45,Nikolskoye,100,RU,1596664268,76,59.7,30.79,57.2,2.24
46,Yar-Sale,22,RU,1596664522,63,66.83,70.83,57.16,9.89
47,Tual,93,ID,1596664523,86,-5.67,132.75,77.95,11.79
48,Kapaa,90,US,1596664524,69,22.08,-159.32,82.4,11.41
49,Roald,100,NO,1596664526,93,62.58,6.13,60.01,9.17
50,Atuona,6,PF,1596664528,72,-9.8,-139.03,78.85,17.52
51,Semporna,20,MY,1596664529,100,4.48,118.61,77.0,2.24
52,San Jerónimo,0,PE,1596664530,31,-11.95,-75.28,61.41,6.64
53,Plouzané,90,FR,1596664532,88,48.38,-4.62,66.2,11.41
54,La Ronge,20,CA,1596664533,37,55.1,-105.28,82.4,8.05
55,Vostok,99,RU,1596664535,100,46.49,135.88,61.02,2.35
56,Grindavik,75,IS,1596664537,100,63.84,-22.43,48.2,14.99
57,Tūkrah,0,LY,1596664538,40,32.53,20.58,81.16,4.94
58,Jamestown,75,US,1596664506,68,42.1,-79.24,69.01,11.41
59,Castro,0,BR,1596664418,77,-24.79,-50.01,56.08,2.48
60,Mossamedes,37,AO,1596664543,84,-15.2,12.15,61.88,9.24
61,Preobrazheniye,100,RU,1596664544,93,42.9,133.91,66.02,7.14
62,Tuktoyaktuk,90,CA,1596664545,81,69.45,-133.04,48.2,6.93
63,Sovetskiy,3,RU,1596664547,66,61.36,63.58,56.57,1.83
64,Hilo,90,US,1596664440,74,19.73,-155.09,80.01,8.05
65,Camopi,100,GF,1596664549,95,3.17,-52.32,75.15,2.13
66,Saint Paul,90,US,1596664363,50,44.94,-93.09,78.01,8.05
67,Hobart,75,AU,1596664552,87,-42.88,147.33,44.6,12.75
68,Barrow,90,US,1596664553,81,71.29,-156.79,44.6,6.93
69,Erzin,17,TR,1596664555,85,36.96,36.2,81.0,2.3
70,Portland,0,US,1596664490,50,45.52,-122.68,84.99,1.01
71,Montepuez,0,MZ,1596664557,92,-13.13,39.0,63.99,5.53
72,Chokurdakh,23,RU,1596664559,43,70.63,147.92,62.55,8.01
73,Summerville,40,US,1596664560,88,33.02,-80.18,82.4,7.47
74,Am Timan,100,TD,1596664561,94,11.03,20.28,72.5,6.71
75,Bluff,100,NZ,1596664562,96,-46.6,168.33,42.01,9.17
76,Podbrdo,75,BA,1596664564,100,44.44,17.01,62.6,3.36
77,Talcahuano,75,CL,1596664565,71,-36.72,-73.12,53.6,11.41
78,Ilulissat,75,GL,1596664566,81,69.22,-51.1,42.8,3.36
79,Neiafu,75,TO,1596664568,78,-18.65,-173.98,77.0,4.7
80,Nantucket,90,US,1596664533,83,41.28,-70.1,77.0,10.29
81,Lebu,36,CL,1596664571,75,-37.62,-73.65,49.32,8.88
82,Bredasdorp,40,ZA,1596664573,87,-34.53,20.04,44.6,6.93
83,Nanortalik,37,GL,1596664574,86,60.14,-45.24,43.86,3.94
84,San Patricio,20,MX,1596664575,70,19.22,-104.7,91.4,11.41
85,Arraial do Cabo,0,BR,1596664577,77,-22.97,-42.03,69.8,9.17
86,Severo-Kuril'sk,100,RU,1596664579,88,50.68,156.12,52.36,13.49
87,Shaowu,100,CN,1596664580,89,27.34,117.48,75.42,1.83
88,Rundu,0,NA,1596664581,36,-17.93,19.77,54.66,1.79
89,George Town,20,MY,1596664583,88,5.41,100.34,84.2,2.24
90,Faya,40,SA,1596664584,88,18.39,42.45,68.0,8.05
91,Ambilobe,35,MG,1596664585,82,-13.2,49.05,64.92,3.71
92,Ketchikan,75,US,1596664541,77,55.34,-131.65,62.6,13.87
93,Ribeira Grande,62,PT,1596664588,72,38.52,-28.7,70.45,9.91
94,Saldanha,0,ZA,1596664589,80,-33.01,17.94,41.0,3.36
95,Mandera,49,KE,1596664590,58,3.94,41.87,79.63,15.14
96,Cidreira,0,BR,1596664296,74,-30.18,-50.21,60.75,9.44
97,Ruidoso,1,US,1596664593,30,33.33,-105.67,88.0,11.41
98,Kalawit,85,PH,1596664594,87,8.07,122.52,77.41,5.79
99,Conceição do Coité,26,BR,1596664596,87,-11.56,-39.28,66.38,9.19
100,Albany,1,US,1596664421,41,42.6,-73.97,82.0,9.75
101,Avarua,4,CK,1596664567,94,-21.21,-159.78,77.0,11.41
102,Bayjī,0,IQ,1596664600,28,34.93,43.49,86.63,2.71
103,Berlevåg,75,NO,1596664601,93,70.86,29.09,48.2,4.7
104,San Joaquin,26,VE,1596664603,77,10.26,-67.79,78.82,2.93
105,Piaçabuçu,19,BR,1596664539,83,-10.41,-36.43,73.13,14.05
106,Wana,0,PK,1596664606,38,32.3,69.57,82.94,5.35
107,Shushenskoye,0,RU,1596664608,87,53.33,91.94,53.6,2.24
108,Mahébourg,20,MU,1596664610,64,-20.41,57.7,68.0,9.17
109,Terrace,90,CA,1596664314,87,54.52,-128.6,60.8,9.17
110,Talnakh,29,RU,1596664612,82,69.49,88.4,55.4,6.71
111,Deputatsky,24,RU,1596664613,45,69.3,139.9,61.39,15.86
112,Clyde River,75,CA,1596664615,70,70.47,-68.59,42.8,16.11
113,Great Falls,1,US,1596664404,22,47.5,-111.3,91.0,6.93
114,Tiksi,100,RU,1596664619,66,71.69,128.87,58.62,8.3
115,Qaanaaq,23,GL,1596664620,72,77.48,-69.36,37.53,1.01
116,Lagoa,60,PT,1596664621,73,39.05,-27.98,70.0,11.48
117,Naze,75,JP,1596664622,83,28.37,129.48,84.2,8.05
118,Yangshan,90,CN,1596664624,95,28.76,115.03,72.73,3.42
119,Kavieng,64,PG,1596664625,79,-2.57,150.8,83.44,17.11
120,Dalbandin,2,PK,1596664626,15,28.89,64.41,81.61,4.56
121,Emporia,1,US,1596664628,48,38.4,-96.18,82.4,6.93
122,Korla,79,CN,1596664629,23,41.76,86.15,83.32,13.06
123,Chadan,20,RU,1596664630,83,51.28,91.58,53.44,1.63
124,Mweka,50,CD,1596664632,58,-4.85,21.57,76.21,3.58
125,Leh,15,IN,1596664633,32,34.17,77.58,61.72,5.17
126,Zhangjiakou,47,CN,1596664634,73,40.81,114.88,67.69,2.26
127,Adrar,18,MR,1596664598,23,20.5,-10.07,98.94,12.75
128,Niimi,40,JP,1596664637,94,34.98,133.47,73.99,1.12
129,Dikson,35,RU,1596664638,93,73.51,80.55,46.2,18.34
130,Iskateley,100,RU,1596664639,94,67.68,53.15,60.3,8.32
131,Coulommiers,0,FR,1596664640,45,48.81,3.08,72.0,2.24
132,Iquitos,20,PE,1596664403,49,-3.75,-73.25,91.4,5.82
133,Port Lincoln,100,AU,1596664643,69,-34.73,135.87,49.64,19.33
134,Caraz,0,PE,1596664644,21,-9.05,-77.81,71.71,1.63
135,Norman Wells,75,CA,1596664645,68,65.28,-126.83,64.4,3.36
136,High Rock,40,BS,1596664647,74,26.62,-78.28,87.8,8.05
137,Nuuk,75,GL,1596664649,50,64.18,-51.72,55.4,4.7
138,Los Llanos de Aridane,90,ES,1596664650,83,28.66,-17.92,73.4,13.87
139,Bonthe,0,SL,1596664651,75,7.53,-12.51,74.71,6.62
140,Qui Nhon,100,VN,1596664653,85,13.77,109.23,78.84,3.85
141,Atbasar,0,KZ,1596664655,55,51.8,68.33,66.31,13.49
142,Puerto Ayora,20,EC,1596664417,65,-0.74,-90.35,77.0,26.4
143,Hong Kong,100,HK,1596664392,88,22.29,114.16,80.01,13.0
144,Sambava,20,MG,1596664660,83,-14.27,50.17,66.83,10.69
145,Salair,14,RU,1596664662,79,54.23,85.8,56.89,2.75
146,Bonfim,80,BR,1596664663,76,3.08,-59.95,82.65,2.68
147,Opuwo,0,NA,1596664665,68,-18.06,13.84,51.33,3.15
148,Mae Sai,75,TH,1596664666,100,20.43,99.88,75.99,2.24
149,Zvishavane,0,ZW,1596664667,51,-20.33,30.07,56.16,3.67
150,Saint Paul Harbor,1,US,1596664669,72,57.79,-152.41,62.6,6.93
151,Yanji,100,CN,1596664670,91,42.91,129.51,69.24,1.88
152,Lüderitz,2,NA,1596664671,54,-26.65,15.16,53.6,21.92
153,Tasiilaq,99,GL,1596664672,81,65.61,-37.64,44.6,11.41
154,Chapais,90,CA,1596664674,93,49.78,-74.85,59.0,13.87
155,Porto-Novo,40,BJ,1596664675,83,6.5,2.6,75.2,14.99
156,Vila Velha,75,BR,1596664676,82,-20.33,-40.29,69.01,5.82
157,Gamba,40,GA,1596664678,85,-2.65,10.0,72.05,3.85
158,Tabuk,100,PH,1596664679,85,17.42,121.44,74.79,1.66
159,Bishop Auckland,87,GB,1596664466,74,54.66,-1.68,64.0,1.99
160,Morelia,75,MX,1596664558,50,19.7,-101.18,78.8,5.82
161,Jatibarang,89,ID,1596664443,81,-6.47,108.32,74.89,8.01
162,Hervey Bay,0,AU,1596664684,95,-25.3,152.85,63.0,4.0
163,Hithadhoo,100,MV,1596664685,71,-0.6,73.08,82.42,11.03
164,Guerrero Negro,4,MX,1596664686,54,27.98,-114.06,78.66,15.17
165,Padang,100,ID,1596664688,73,-0.95,100.35,78.17,3.49
166,Laredo,75,US,1596664523,41,27.51,-99.51,96.8,9.17
167,Manta,40,EC,1596664690,65,-0.95,-80.73,80.6,11.41
168,Saint-Philippe,44,RE,1596664691,67,-21.36,55.77,62.6,6.93
169,Gushikawa,1,JP,1596664693,88,26.35,127.87,82.4,3.36
170,Maţāy,0,EG,1596664512,41,28.42,30.78,79.5,10.56
171,Sayyan,99,YE,1596664696,74,15.17,44.32,61.3,6.02
172,Cherskiy,100,RU,1596664697,84,68.75,161.3,45.45,4.74
173,Mogzon,100,RU,1596664698,96,51.74,111.96,54.59,3.87
174,Najrān,40,SA,1596664148,45,17.49,44.13,84.2,11.41
175,Lorengau,100,PG,1596664700,86,-2.02,147.27,80.19,14.74
176,Nizhniy Tsasuchey,9,RU,1596664703,94,50.52,115.13,56.77,5.44
177,Collie,1,AU,1596664704,83,-33.37,116.15,42.01,5.03
178,Makakilo City,75,US,1596664705,48,21.35,-158.09,87.8,9.17
179,Thinadhoo,100,MV,1596664707,78,0.53,72.93,82.02,15.17
180,Hamilton,75,US,1596664708,44,39.18,-84.53,79.0,7.05
181,Palmer,20,US,1596664709,35,42.16,-72.33,86.0,17.22
182,São João da Barra,20,BR,1596664711,68,-21.64,-41.05,71.6,6.93
183,Gizo Government Station,12,SB,1596664712,76,-8.1,156.84,82.63,7.85
184,Shihezi,94,CN,1596664713,33,44.3,86.03,76.82,2.89
185,Brus,40,RS,1596664714,100,43.38,21.03,60.8,3.4
186,Kānkon,100,IN,1596664715,84,15.02,74.02,79.95,22.41
187,Saskylakh,96,RU,1596664717,84,71.92,114.08,61.47,10.33
188,Cuautepec,19,MX,1596664718,69,16.7,-99.0,86.43,5.37
189,Labuhan,100,ID,1596664719,83,-6.88,112.21,76.46,7.16
190,Zavallya,0,UA,1596664721,48,48.21,30.02,68.72,7.9
191,Andenes,0,NO,1596664723,93,69.31,16.12,51.8,3.36
192,Jacmel,20,HT,1596664724,39,18.23,-72.53,95.0,14.99
193,Kazanskoye,6,RU,1596664725,70,55.64,69.23,65.95,1.25
194,Kununurra,100,AU,1596664726,79,-15.77,128.73,69.8,2.24
195,Baarn,41,NL,1596664501,58,52.21,5.29,68.0,4.9
196,Saint George,1,US,1596664666,8,37.1,-113.58,102.0,8.05
197,Fairbanks,1,US,1596664706,72,64.84,-147.72,69.01,1.41
198,Broome,40,US,1596664731,46,42.25,-75.83,78.01,14.99
199,Nome,75,US,1596664733,62,64.5,-165.41,55.4,8.05
200,Waingapu,25,ID,1596664734,79,-9.66,120.26,69.76,5.68
201,Lata,0,PT,1596664735,93,40.16,-8.33,78.01,10.0
202,Mayo,75,US,1596664737,65,38.89,-76.51,86.0,6.93
203,Beisfjord,0,NO,1596664738,87,68.38,17.6,53.6,3.36
204,New Norfolk,42,AU,1596664740,78,-42.78,147.06,44.01,3.0
205,Araouane,38,ML,1596664741,41,18.9,-3.53,94.91,15.77
206,Kidal,30,ML,1596664743,47,18.44,1.41,88.39,5.5
207,Touros,63,BR,1596664600,73,-5.2,-35.46,75.2,6.93
208,Khani,75,GE,1596664746,94,41.96,42.96,69.8,2.24
209,Flin Flon,20,CA,1596664747,32,54.77,-101.86,82.4,10.29
210,Bosaso,81,SO,1596664749,42,11.28,49.18,91.02,18.03
211,Samarai,100,PG,1596664750,87,-10.62,150.67,78.3,12.97
212,Oxbow,55,CA,1596664753,57,49.23,-102.17,80.01,4.0
213,Pathein,100,MM,1596664754,90,16.78,94.73,78.84,7.9
214,Urgut,0,UZ,1596664756,53,39.4,67.24,75.2,2.24
215,Ferrol,40,ES,1596664757,93,43.48,-8.24,66.2,3.36
216,Luanda,20,AO,1596664633,88,-8.84,13.23,71.6,8.05
217,Codrington,81,AU,1596664759,81,-38.27,141.97,47.62,2.66
218,Opatija,40,HR,1596664761,64,45.34,14.31,69.8,13.87
219,Ikot Ekpene,15,NG,1596664762,81,5.18,7.71,73.08,6.85
220,Ponta do Sol,75,PT,1596664691,78,32.67,-17.1,71.6,9.17
221,Vestmannaeyjar,100,IS,1596664765,86,63.44,-20.27,51.55,13.67
222,Bethel,40,US,1596664767,48,41.37,-73.41,84.0,9.17
223,Yanam,100,IN,1596664510,89,16.73,82.22,77.18,6.76
224,Bara,89,NG,1596664769,92,10.37,10.73,73.2,7.18
225,Narsaq,20,GL,1596664770,62,60.92,-46.05,55.4,6.93
226,Lodja,20,CD,1596664772,80,-3.48,23.43,72.43,3.0
227,Kedrovyy,21,RU,1596664773,100,56.17,91.82,50.0,2.35
228,Sioux Lookout,40,CA,1596664774,39,50.1,-91.92,78.8,11.41
229,Hay River,75,CA,1596664775,68,60.82,-115.8,66.2,12.75
230,Zhalantun,97,CN,1596664777,90,48.0,122.72,62.13,3.58
231,Kyra,98,RU,1596664778,87,49.58,111.98,56.79,1.07
232,Oddur,59,SO,1596664780,73,4.12,43.89,72.23,18.1
233,Airai,15,TL,1596664781,100,-8.93,125.41,52.56,0.69
234,Neuquén,1,AR,1596664498,28,-38.95,-68.06,59.0,14.99
235,Oranjemund,0,NA,1596664783,80,-28.55,16.43,52.14,7.29
236,Olinda,40,BR,1596664784,73,-8.01,-34.86,77.0,14.99
237,North Platte,1,US,1596664486,48,41.12,-100.77,87.8,5.82
238,Olafsvik,100,IS,1596664787,89,64.89,-23.71,50.05,11.88
239,Polis,0,CY,1596664788,88,35.04,32.43,77.0,6.93
240,Hasaki,75,JP,1596664789,94,35.73,140.83,77.0,4.7
241,Havre-St-Pierre,90,CA,1596664791,93,50.23,-63.6,62.6,10.29
242,Bathsheba,75,BB,1596664792,69,13.22,-59.52,82.4,17.22
243,Sinnamary,10,GF,1596664793,86,5.38,-52.95,79.47,11.16
244,Taboga,0,IT,1596664794,75,46.27,13.11,68.0,6.58
245,Worland,1,US,1596664796,22,44.02,-107.96,89.6,8.05
246,Calbuco,75,CL,1596664797,87,-41.77,-73.13,46.4,5.82
247,Sandpoint,1,US,1596664798,23,48.28,-116.55,93.0,4.7
248,Esso,24,RU,1596664799,53,55.93,158.7,58.46,6.42
249,Atherton,83,GB,1596664800,78,53.52,-2.49,66.0,1.99
250,Hadejia,35,NG,1596664802,74,12.45,10.04,79.23,14.47
251,Visby,91,SE,1596664803,77,57.64,18.3,64.0,12.75
252,Barreirinhas,0,BR,1596664805,69,-2.75,-42.83,77.45,7.72
253,Yambio,96,SS,1596664806,96,4.57,28.4,67.03,1.77
254,Honningsvåg,90,NO,1596664808,93,70.98,25.97,48.2,5.82
255,Lavumisa,14,SZ,1596664809,91,-27.31,31.89,58.12,2.08
256,Katsuura,3,JP,1596664810,88,35.13,140.3,80.01,7.25
257,Kahului,40,US,1596664812,46,20.89,-156.47,89.6,23.04
258,Yangi Marg`ilon,0,UZ,1596664813,44,40.43,71.72,77.0,4.7
259,Kynashiv,0,UA,1596664814,81,48.67,28.9,62.01,5.97
260,Victoria Point,0,AU,1596664815,81,-27.58,153.3,55.99,6.22
261,Khatanga,50,RU,1596664816,80,71.97,102.5,56.66,9.51
262,Raudeberg,75,NO,1596664818,100,61.99,5.14,60.01,10.29
263,Homer,1,US,1596664712,63,59.64,-151.55,66.0,9.17
264,Kapit,99,MY,1596664820,94,2.02,112.93,72.73,1.39
265,Husavik,75,IS,1596664822,87,66.04,-17.34,55.4,3.36
266,North Vernon,1,US,1596664824,53,39.01,-85.62,75.2,4.7
267,Mumbai,75,IN,1596664570,94,19.01,72.85,80.6,14.99
268,Longyearbyen,75,SJ,1596664826,76,78.22,15.64,53.6,4.7
269,Sukabumi,92,ID,1596664828,92,-6.92,106.93,72.0,1.21
270,Nouadhibou,20,MR,1596664830,83,20.93,-17.03,71.6,14.99
271,Dakar,40,SN,1596664813,74,14.69,-17.44,84.2,13.87
272,Chui,0,UY,1596664832,81,-33.7,-53.46,64.78,8.95
273,Paamiut,100,GL,1596664834,83,61.99,-49.67,44.42,14.83
274,Poço Verde,16,BR,1596664835,91,-10.71,-38.18,65.41,6.96
275,Te Anau,100,NZ,1596664836,89,-45.42,167.72,46.11,1.5
276,Bijie,46,CN,1596664837,95,27.31,105.29,64.33,5.1
277,Terme,0,TR,1596664839,77,41.21,36.97,66.2,2.24
278,Tessalit,36,ML,1596664840,49,20.2,1.01,87.75,16.82
279,Myitkyina,12,MM,1596664841,95,25.38,97.4,76.26,0.45
280,Sibu,20,MY,1596664842,94,2.3,111.82,75.2,4.7
281,Guamúchil,0,MX,1596664843,58,25.47,-108.1,99.0,13.0
282,Tuatapere,100,NZ,1596664845,96,-46.13,167.68,42.01,1.01
283,Leningradskiy,99,RU,1596664846,82,69.38,178.42,37.87,13.89
284,Mersing,100,MY,1596664847,89,2.43,103.84,78.26,4.81
285,Jiaocheng,92,CN,1596664848,91,24.68,116.14,73.99,1.88
286,Klaksvík,40,FO,1596664849,100,62.23,-6.59,51.8,11.41
287,College,40,US,1596664851,72,64.86,-147.8,69.01,1.63
288,Andradina,0,BR,1596664852,29,-20.9,-51.38,72.14,6.38
289,Tura,94,IN,1596664853,97,25.52,90.22,75.11,6.33
290,Verkhnyaya Toyma,100,RU,1596664854,81,62.23,45.0,64.27,7.07
291,Port Blair,100,IN,1596664856,82,11.67,92.75,81.66,17.0
292,Alekseyevsk,9,RU,1596664857,78,57.84,108.35,59.27,3.98
293,Vanimo,99,PG,1596664858,83,-2.67,141.3,79.07,7.14
294,Valparaíso,40,CL,1596664859,76,-33.04,-71.63,62.6,18.34
295,Maple Creek,0,CA,1596664861,20,49.92,-109.48,86.16,5.57
296,Verkhnyaya Inta,98,RU,1596664862,76,65.98,60.31,61.16,9.24
297,Ovalle,100,CL,1596664863,54,-30.6,-71.2,67.66,4.83
298,Mahanoro,28,MG,1596664864,85,-19.9,48.8,65.98,4.18
299,Mitú,89,CO,1596664866,94,1.2,-70.17,77.16,1.28
300,Imbituba,0,BR,1596664868,77,-28.24,-48.67,68.0,14.99
301,Dingle,100,PH,1596664869,91,11.0,122.67,76.71,4.23
302,Mar del Plata,90,AR,1596664751,77,-38.0,-57.56,62.6,8.05
303,Itaituba,2,BR,1596664631,42,-4.28,-55.98,85.57,1.16
304,Kāzerūn,0,IR,1596664874,26,29.62,51.65,84.13,0.81
305,Nong Phai,100,TH,1596664876,97,15.99,101.06,74.91,3.24
306,Immokalee,1,US,1596664877,88,26.42,-81.42,91.4,4.29
307,Ambon City,40,ID,1596664879,94,-3.7,128.18,77.0,4.7
308,Sistranda,75,NO,1596664881,100,63.73,8.83,57.2,6.93
309,Iqaluit,75,CA,1596664812,67,63.75,-68.51,62.6,20.8
310,Stonewall,40,CA,1596664884,42,50.13,-97.33,84.2,14.99
311,Jalu,0,LY,1596664885,20,29.03,21.55,90.12,8.93
312,Kiryat Gat,0,IL,1596664886,54,31.61,34.76,77.0,3.65
313,High Level,20,CA,1596664887,44,58.52,-117.14,77.0,4.7
314,Puerto Palomas,20,MX,1596664889,12,31.77,-107.62,100.4,5.82
315,Kaeo,100,NZ,1596664890,3,-35.1,173.78,55.0,5.99
316,Rio Grande,0,BR,1596664810,80,-32.03,-52.1,68.0,9.31
317,Marshall,37,US,1596664892,15,34.38,-86.33,86.0,3.0
318,Arrondissement d'Ajaccio,0,FR,1596664893,68,42.0,8.92,71.6,5.82
319,Lota,75,CL,1596664895,71,-37.08,-73.17,53.6,11.41
320,Gangānagar,48,IN,1596664896,56,29.92,73.88,92.59,9.44
321,São Félix do Xingu,1,BR,1596664897,41,-6.64,-51.99,80.1,2.71
322,Nipawin,1,CA,1596664899,39,53.37,-104.0,80.6,8.05
323,Menziken,0,CH,1596664901,87,47.25,8.18,59.0,1.52
324,Alice Springs,90,AU,1596664902,100,-23.7,133.88,50.0,5.82
325,Aksu,92,CN,1596664903,27,41.12,80.26,79.75,9.04
326,Bigaa,99,PH,1596664904,86,13.2,123.76,79.38,4.16
327,Liberal,1,US,1596664906,54,37.04,-100.92,82.4,3.36
328,Port Elizabeth,90,ZA,1596664907,93,-33.92,25.57,53.6,8.05
329,Esna,0,EG,1596664908,20,25.29,32.55,90.7,3.98
330,Lompoc,9,US,1596664695,60,34.64,-120.46,69.8,20.8
331,Vallenar,0,CL,1596664911,29,-28.57,-70.76,76.44,7.2
332,Pimentel,43,PE,1596664912,78,-6.84,-79.93,62.83,17.11
333,Tuy Hoa,100,VN,1596664665,86,13.08,109.3,77.67,5.03
334,Zapolyarnyy,75,RU,1596664914,93,69.42,30.81,50.0,10.29
335,Yenagoa,48,NG,1596664916,80,4.92,6.26,74.12,5.14
336,Marzuq,100,YE,1596664917,50,14.4,46.47,83.05,6.15
337,Geraldton,0,AU,1596664773,87,-28.77,114.6,50.0,10.29
338,Fortuna,99,US,1596664920,96,40.6,-124.16,61.0,5.01
339,Aklavik,90,CA,1596664921,87,68.22,-135.01,51.8,6.93
340,Chicama,1,PE,1596664922,63,-7.84,-79.15,67.15,9.8
341,Parfino,59,RU,1596664923,83,57.97,31.65,55.13,3.29
342,Aleksandro-Nevskiy,100,RU,1596664924,78,53.48,40.21,62.29,5.59
343,Marapanim,0,BR,1596664926,82,-0.72,-47.7,77.65,5.44
344,Kabare,5,CD,1596664927,67,-2.47,28.82,61.03,1.01
345,Artyom,6,AZ,1596664928,72,40.47,50.33,68.0,2.24
346,Mehamn,90,NO,1596664929,93,71.04,27.85,48.2,5.82
347,Skara,100,SE,1596664930,93,58.39,13.44,60.8,11.41
348,Flinders,0,AU,1596664932,61,-34.58,150.86,46.99,3.0
349,Yokadouma,96,CM,1596664933,91,3.52,15.05,68.52,2.15
350,Banjar,20,ID,1596664934,100,-8.19,114.97,75.2,5.82
351,Asău,0,RO,1596664935,92,46.43,26.4,57.0,3.74
352,Hambantota,75,LK,1596664937,100,6.12,81.12,77.0,3.36
353,Leshukonskoye,100,RU,1596664938,95,64.9,45.76,61.27,12.24
354,Kruisfontein,43,ZA,1596664939,95,-34.0,24.73,51.01,8.12
355,Mareeba,45,AU,1596664811,93,-17.0,145.43,64.0,1.01
356,San Policarpo,100,PH,1596664941,83,12.18,125.51,82.08,8.55
357,Umm Kaddadah,100,SD,1596664943,73,13.6,26.69,76.05,6.8
358,Namatanai,79,PG,1596664944,75,-3.67,152.43,82.53,10.51
359,Celestún,20,MX,1596664945,69,20.87,-90.4,86.16,16.24
360,Mtwara,20,TZ,1596664946,88,-10.27,40.18,69.8,11.41
361,Benemérito de las Américas,100,MX,1596664948,47,16.52,-90.64,93.22,5.01
362,Uvat,15,RU,1596664949,92,59.14,68.9,59.36,5.59
363,Syracuse,40,IT,1596664672,53,37.09,15.28,77.0,12.75
364,Middlebury (village),40,US,1596664951,39,44.02,-73.17,79.0,6.93
365,Wanning,100,CN,1596664952,88,18.8,110.4,81.91,10.76
366,Kitui,38,KE,1596664954,92,-1.37,38.01,62.2,8.79
367,Vardø,75,NO,1596664955,87,70.37,31.11,50.0,4.7
368,Klyuchi,0,RU,1596664957,75,52.27,79.17,61.57,8.55
369,Mangulile,100,HN,1596664958,93,15.07,-86.8,73.33,3.06
370,Ostrovnoy,100,RU,1596664959,89,68.05,39.51,56.03,10.71
371,Ginda,91,IN,1596664961,70,30.69,78.49,69.3,3.22
372,Udachny,0,RU,1596664962,42,66.42,112.4,62.6,6.71
373,Maryville,75,US,1596664686,54,35.76,-83.97,88.0,6.93
374,Sebastian,1,US,1596664964,54,35.17,-94.27,84.2,9.17
375,Indian Head,1,US,1596664965,51,38.6,-77.16,87.01,5.82
376,Abalak,91,RU,1596664967,96,58.13,68.59,61.9,6.13
377,Ajdabiya,0,LY,1596664968,25,30.76,20.23,86.59,10.92
378,Verkh-Usugli,100,RU,1596664969,98,52.7,115.17,56.19,1.79
379,Krasnyy Chikoy,76,RU,1596664970,89,50.36,108.75,57.6,2.39
380,Amga,67,RU,1596664971,61,60.9,131.96,63.5,0.72
381,Kumul,3,CN,1596664973,24,42.8,93.45,80.89,10.47
382,Necochea,74,AR,1596664974,98,-38.55,-58.74,55.99,3.0
383,Kormilovka,0,RU,1596664975,67,55.0,74.1,60.8,2.24
384,Kavaratti,95,IN,1596664976,79,10.57,72.64,82.71,31.36
385,Hofn,100,IS,1596664978,87,64.25,-15.21,52.34,2.19
386,Toropets,3,RU,1596664979,95,56.5,31.64,58.12,4.88
387,Samaná,20,DO,1596664849,74,19.21,-69.34,87.8,6.93
388,Sozimskiy,31,RU,1596664981,91,59.74,52.25,53.94,2.77
389,Río Cuarto,0,AR,1596664982,49,-33.13,-64.35,69.8,17.22
390,Angoche,0,MZ,1596664984,81,-16.23,39.91,71.22,6.29
391,Mayumba,2,GA,1596664985,85,-3.43,10.66,71.73,5.08
392,Goderich,50,CA,1596664986,62,43.75,-81.72,69.01,4.94
393,Matara,81,LK,1596664987,89,5.95,80.54,77.29,8.23
394,Kultuk,100,RU,1596664989,86,51.72,103.7,56.37,0.69
395,Vredendal,0,ZA,1596664990,65,-31.67,18.5,46.83,11.3
396,Goundam,84,ML,1596664991,66,16.41,-3.67,85.33,10.51
397,Washington,0,US,1596664873,20,47.5,-120.5,95.0,3.0
398,Qian’an,0,CN,1596664993,83,44.99,124.06,68.92,9.53
399,Tegul'det,22,RU,1596664994,76,57.31,88.17,57.25,4.54
400,Thompson,40,CA,1596664715,35,55.74,-97.86,84.2,10.29
401,Lukulu,0,ZM,1596664997,32,-14.37,23.24,59.9,2.55
402,Winslow,1,US,1596664998,10,35.02,-110.7,98.6,21.92
403,Córdoba,1,AR,1596664744,41,-31.41,-64.18,77.0,21.92
404,Polunochnoye,33,RU,1596665001,79,60.87,60.42,51.76,1.48
405,Qaqortoq,20,GL,1596665002,62,60.72,-46.03,55.4,6.93
406,Hokitika,85,NZ,1596665003,80,-42.72,170.97,53.8,6.71
407,Sarandi,0,BR,1596665004,47,-23.44,-51.87,73.99,6.49
408,Pisco,20,PE,1596665006,72,-13.7,-76.22,64.4,10.29
409,Constitución,41,CL,1596664911,69,-35.33,-72.42,52.05,11.54
410,Aleksandriya,1,RU,1596665008,62,45.09,43.25,68.81,5.99
411,Howard Springs,20,AU,1596665010,100,-12.5,131.05,71.6,3.36
412,Saint-Augustin,85,CA,1596665011,55,51.23,-58.65,64.45,11.16
413,Salinópolis,0,BR,1596665013,81,-0.61,-47.36,80.08,13.44
414,Synya,98,RU,1596665015,86,65.37,58.04,60.93,9.24
415,Obo,100,CF,1596665016,97,5.4,26.49,68.02,3.42
416,Betsiamites,1,CA,1596664841,72,48.94,-68.65,80.6,26.4
417,Omsukchan,36,RU,1596665019,51,62.53,155.8,55.76,3.53
418,Laguna,1,US,1596665020,47,38.42,-121.42,81.0,12.75
419,Sovetskaya Gavan',100,RU,1596665022,95,48.97,140.29,54.3,3.2
420,Broken Hill,90,AU,1596665023,36,-31.95,141.43,44.6,12.75
421,Bangassou,100,CF,1596665024,94,4.74,22.82,69.19,2.19
422,Bar Harbor,1,US,1596665026,83,44.39,-68.2,77.0,12.75
423,Toora-Khem,100,RU,1596665027,91,52.47,96.11,54.52,3.44
424,Pergamino,0,AR,1596665028,52,-33.89,-60.57,75.99,1.99
425,West Fargo,90,US,1596665029,69,46.88,-96.9,77.0,11.41
426,Kovūr,100,IN,1596665030,72,14.48,79.98,80.29,8.12
427,Srednekolymsk,33,RU,1596665032,41,67.45,153.68,64.08,11.7
428,Ocós,40,GT,1596665033,70,14.51,-92.19,91.4,8.05
429,The Valley,40,AI,1596665034,69,18.22,-63.06,84.0,13.87
430,Byron Bay,0,AU,1596665036,87,-28.65,153.62,54.0,5.82
431,Kitimat,100,CA,1596665037,90,54.05,-128.65,61.0,3.36
432,Vuktyl,53,RU,1596665038,83,63.86,57.31,60.51,7.92
433,Pacasmayo,7,PE,1596665040,74,-7.4,-79.57,63.93,16.84
434,Pangnirtung,90,CA,1596665042,100,66.15,-65.71,46.4,8.05
435,Alexandria,0,EG,1596664992,72,31.22,29.96,79.95,11.36
436,Arlit,55,NE,1596665044,24,18.74,7.39,99.05,14.23
437,Miyako,92,JP,1596665046,72,39.64,141.95,77.09,2.04
438,Kalāleh,20,IR,1596665047,78,37.38,55.49,73.4,4.7
439,Saint-François,0,FR,1596665048,51,46.42,3.91,63.0,1.12
440,Onega,48,RU,1596665049,95,63.91,38.14,56.95,7.34
441,Karacabey,0,TR,1596665051,73,40.22,28.4,75.2,14.99
442,Vytegra,29,RU,1596665052,94,61.01,36.45,57.67,6.13
443,Manaure,100,CO,1596665053,54,11.78,-72.44,90.21,16.15
444,Gravdal,0,NO,1596665054,81,68.12,13.5,53.6,7.67
445,Llanes,31,ES,1596665055,87,43.42,-4.75,68.0,3.69
446,Ulladulla,0,AU,1596664850,70,-35.35,150.47,42.8,13.87
447,Baruun-Urt,16,MN,1596665058,72,46.68,113.28,61.92,1.05
448,Khandyga,0,RU,1596665059,45,62.67,135.6,64.04,1.83
449,Meulaboh,100,ID,1596665060,88,4.14,96.13,77.23,4.18
450,Berriozábal,75,MX,1596665062,46,16.8,-93.27,91.4,8.05
451,Cabatuan,100,PH,1596665063,90,10.88,122.49,76.24,4.9
452,Yining,100,CN,1596665064,89,29.04,114.56,76.17,2.75
453,Caravelas,22,BR,1596665065,74,-17.71,-39.25,70.03,9.44
454,Taunggyi,100,MM,1596665067,100,20.78,97.03,65.35,1.12
455,Bengkulu,95,ID,1596665068,81,-3.8,102.27,75.96,4.43
456,Beringovskiy,100,RU,1596665070,65,63.05,179.32,49.23,15.73
457,Evensk,82,RU,1596665071,54,61.95,159.23,60.71,6.8
458,Eston,5,CA,1596665072,23,51.15,-108.75,86.0,8.05
459,Cascas,0,PE,1596665073,41,-7.48,-78.82,71.47,4.9
460,Bandarbeyla,100,SO,1596665075,69,9.49,50.81,79.29,32.08
461,San Rafael,0,AR,1596665076,41,-34.62,-68.33,60.78,7.58
462,Erenhot,2,CN,1596665078,49,43.65,111.98,71.51,14.74
463,Cayenne,62,GF,1596665079,94,4.93,-52.33,78.8,2.24
464,Hoi An,40,VN,1596665080,94,15.88,108.33,77.0,4.7
465,Sirte,0,LY,1596665082,70,31.21,16.59,81.72,10.33
466,Belaya Gora,0,RU,1596665083,39,68.53,146.42,65.8,10.47
467,Nishifukuma,40,JP,1596665084,83,33.77,130.47,82.99,20.8
468,Valdivia,75,CL,1596664882,76,-39.81,-73.25,50.0,4.7
469,Amoy,20,CN,1596665088,88,24.48,118.08,78.8,4.47
470,Lesnoy,95,RU,1596665089,94,57.62,63.08,60.24,5.68
471,Rawson,43,AR,1596665091,42,-43.3,-65.1,53.58,30.24
472,Ulaangom,60,MN,1596665092,68,49.98,92.07,57.47,3.04
473,Weymouth,40,US,1596664836,38,42.22,-70.94,90.0,19.46
474,Saint Anthony,75,US,1596665094,50,45.02,-93.22,78.01,8.05
475,Kampot,75,KH,1596665096,88,10.62,104.18,75.2,4.7
476,Aitape,99,PG,1596665097,85,-3.14,142.35,78.64,4.03
477,Sorong,100,ID,1596664953,85,-0.88,131.25,79.05,6.02
478,Libreville,20,GA,1596664983,83,0.39,9.45,78.8,8.05
479,Armidale,0,AU,1596665100,63,-30.52,151.65,38.17,1.28
480,Wagar,41,SD,1596665102,76,16.15,36.2,75.58,12.95
481,Krasnosel'kup,0,RU,1596665103,79,65.7,82.47,53.56,8.7
482,Eureka,99,US,1596665104,100,40.8,-124.16,64.0,8.63
483,Tarabuco,0,BO,1596665105,48,-19.17,-64.92,55.81,5.84
484,Juba,46,SS,1596665048,94,4.85,31.58,68.81,1.57
485,Pinheiro,0,BR,1596665108,65,-2.52,-45.08,76.66,1.9
486,Smalininkai,22,LT,1596665109,84,55.07,22.58,52.86,0.63
487,Santa Isabel Rio Negro,40,BR,1596665110,84,-0.41,-65.02,79.83,1.3
488,Torbay,20,CA,1596665111,55,47.67,-52.73,66.2,14.99
489,Okha,100,RU,1596665112,85,53.57,142.95,56.82,8.95
490,Gao,16,ML,1596665114,48,16.64,1.64,90.52,7.92
491,Severnoye,0,RU,1596665115,75,56.35,78.36,59.47,4.21
492,Takoradze,59,GH,1596665116,81,4.88,-1.76,73.44,11.7
493,Nyanguge,3,TZ,1596665117,82,-2.55,33.2,66.2,6.93
494,Lerwick,97,GB,1596665119,100,60.15,-1.15,55.4,5.82
495,Nyurba,0,RU,1596665120,71,63.28,118.33,59.85,3.13
496,Vitim,75,RU,1596665122,82,59.45,112.56,61.48,2.93
497,Yatou,98,CN,1596665123,96,37.15,122.38,73.54,11.18
498,Derbent,0,RU,1596665124,52,42.07,48.29,73.47,3.78
499,Tambura,95,SS,1596665126,97,5.6,27.47,68.05,3.31
500,Mongo,100,TD,1596665127,89,12.18,18.69,72.99,6.11
501,Sur,22,OM,1596665129,55,22.57,59.53,89.01,4.88
502,Eyl,44,SO,1596665130,65,7.98,49.82,79.5,27.31
503,Bhuban,97,IN,1596665132,86,20.88,85.83,79.09,2.35
504,Pingyi,100,CN,1596665133,91,35.5,117.63,76.96,2.53
505,Kharar,87,IN,1596665134,64,30.74,76.65,85.77,4.9
506,Newport,100,GB,1596665129,97,51.59,-3.0,64.99,1.01
507,Catió,90,GW,1596665136,83,11.28,-15.25,77.47,9.01
508,Fray Bentos,45,UY,1596665138,62,-33.13,-58.3,73.99,4.0
509,Porto Velho,40,BR,1596665139,32,-8.76,-63.9,93.2,4.7
510,Palu,78,ID,1596665140,79,-0.89,119.87,74.97,2.8
511,Logan,1,US,1596665108,13,41.74,-111.83,98.6,8.05
512,Hobyo,32,SO,1596665143,77,5.35,48.53,76.95,24.83
513,Dolores,73,AR,1596665144,75,-36.31,-57.68,66.67,4.9
514,Maragogi,54,BR,1596665145,77,-9.01,-35.22,73.71,14.32
515,Tezu,24,IN,1596665146,81,27.92,96.17,77.7,4.54
516,Muros,0,ES,1596665148,77,42.78,-9.06,68.0,5.99
517,Sisimiut,36,GL,1596665149,68,66.94,-53.67,48.52,5.66
518,Manzhouli,0,CN,1596665150,90,49.6,117.43,60.24,2.73
519,Ruteng,52,ID,1596665151,95,-8.61,120.47,58.17,1.63
520,Skibbereen,40,IE,1596665152,82,51.55,-9.27,62.6,3.36
521,Greenville,1,US,1596665143,66,35.61,-77.37,86.0,4.7
522,Antalaha,42,MG,1596665155,83,-14.9,50.28,65.39,6.93
523,Marquard,0,ZA,1596665156,46,-28.66,27.43,47.03,8.52
524,Vao,0,NC,1596665157,65,-22.67,167.48,69.48,6.04
525,Inírida,3,CO,1596665158,72,3.87,-67.92,82.18,1.32
526,Provideniya,75,RU,1596665160,71,64.38,-173.3,51.8,8.95
527,Lermontovka,100,RU,1596665161,95,47.15,134.34,60.15,4.83
528,Gondanglegi,99,ID,1596665162,84,-7.75,112.01,72.91,12.21
529,Kemijärvi,34,FI,1596665163,84,66.71,27.43,52.7,7.31
530,Richards Bay,28,ZA,1596665165,89,-28.78,32.04,61.75,7.87
531,Strezhevoy,99,RU,1596665166,100,60.73,77.59,62.6,4.47
532,El Seibo,40,DO,1596665167,66,18.76,-69.04,87.8,6.93
533,Selizharovo,78,RU,1596665168,96,56.85,33.45,60.57,3.36
534,Douentza,7,ML,1596665169,70,15.0,-2.95,81.66,6.44
535,Kutum,100,SD,1596665171,87,14.2,24.67,69.53,5.06
536,Piterka,0,RU,1596665172,74,50.68,47.45,73.17,11.48
537,Turukhansk,100,RU,1596665173,68,65.82,87.98,59.63,9.06
538,Paidha,40,UG,1596665175,93,2.42,30.99,60.22,4.09
539,Ráckeresztúr,100,HU,1596665176,80,47.27,18.83,71.01,3.0
540,Oranjestad,20,AW,1596665125,66,12.52,-70.03,87.8,24.16
541,Petropavlovsk-Kamchatskiy,90,RU,1596665178,100,53.05,158.65,51.8,2.24
542,Okhotsk,0,RU,1596665180,69,59.38,143.3,60.08,3.49
543,Tiarei,40,PF,1596665181,65,-17.53,-149.33,82.4,5.82
544,Mackay,72,AU,1596665182,100,-21.15,149.2,62.01,4.7
545,Bhag,0,PK,1596665183,30,29.04,67.82,100.58,5.82
546,Eydhafushi,95,MV,1596665185,80,5.1,73.07,82.42,19.8
547,Lima,40,PE,1596665186,68,-12.04,-77.03,64.4,9.17
548,Cabedelo,40,BR,1596665187,73,-6.98,-34.83,75.2,8.05
549,Grand Gaube,20,MU,1596665188,64,-20.01,57.66,68.0,9.17
550,Aktobe,62,KZ,1596665189,41,50.28,57.21,75.2,8.95
551,Katherine,56,AU,1596665191,82,-14.47,132.27,68.0,5.82
552,Hamada,38,JP,1596665192,35,34.88,132.08,79.0,6.04
553,Mahajanga,0,MG,1596665193,74,-15.72,46.32,70.18,4.97
554,Cherëmukhovo,36,RU,1596665194,82,60.35,59.99,51.12,1.59
555,Tromsø,0,NO,1596665195,81,69.65,18.96,53.6,8.05
556,Tucupita,100,VE,1596665197,93,9.06,-62.05,78.1,3.83
557,Quatre Cocos,20,MU,1596665198,64,-20.21,57.76,68.0,9.17
558,Kyshtovka,0,RU,1596665199,69,56.55,76.63,61.27,3.94
559,Morgan City,40,US,1596665200,74,29.7,-91.21,91.99,11.41
560,Damietta,0,EG,1596665201,79,31.42,31.81,77.49,7.87
561,Ceres,1,US,1596665203,37,37.59,-120.96,95.0,10.29
562,Kiama,0,AU,1596665204,60,-34.68,150.87,48.0,8.01
563,Poum,0,NC,1596665205,71,-20.23,164.02,69.91,6.96
564,Souillac,20,MU,1596665207,64,-20.52,57.52,68.0,9.17
565,Shache,92,CN,1596665208,29,38.42,77.24,76.23,7.05
566,Henties Bay,0,NA,1596665209,78,-22.12,14.28,52.0,14.9
567,Vila Franca do Campo,40,PT,1596665211,83,37.72,-25.43,71.6,9.17
568,Clarksdale,4,US,1596665212,45,34.2,-90.57,84.0,9.22
569,Palora,75,EC,1596665213,73,-1.7,-77.93,75.2,4.7
570,Wajima,67,JP,1596665214,77,37.4,136.9,79.02,3.74
571,Dzilam González,23,MX,1596665216,71,21.28,-88.93,86.34,9.33
572,Ust'-Ishim,60,RU,1596665217,96,57.69,71.17,65.39,5.88
573,Purranque,100,CL,1596665218,75,-40.92,-73.17,46.4,2.57
574,Santa Eulalia,40,PE,1596665219,68,-11.85,-76.68,64.4,9.17
575,Bereket,36,TM,1596665221,36,39.24,55.52,77.52,2.37
576,Aktau,40,KZ,1596665222,93,43.65,51.2,64.4,4.47
577,Cabo San Lucas,5,MX,1596665224,46,22.89,-109.91,91.4,11.41
578,San Buenaventura,40,MX,1596665226,34,27.08,-101.53,98.01,10.76
579,Buala,64,SB,1596665227,78,-8.14,159.59,83.08,10.85
